{
  "mean": [
    703.3560791015625,
    378.5799865722656,
    -2.0208382606506348,
    781.8257446289062
  ],
  "std": [
    228.16001892089844,
    185.85397338867188,
    218.3516387939453,
    290.9484558105469
  ]
}